red,blue,actual,ai,ai_err,bookies,bookies_err
Mark Hominick,Chan Sung Jung,0,0.385667085647583,0.385667085647583,0.8484848484848484,0.8484848484848484
Volkan Oezdemir,Aleksandar Rakic,1,0.961983859539032,0.03801614046096802,0.4081632653061225,0.5918367346938775
Volkan Oezdemir,Ilir Latifi,1,0.9991175532341003,0.0008824467658996582,0.6551724137931035,0.34482758620689646
Volkan Oezdemir,Misha Cirkunov,1,0.6332374811172485,0.36676251888275146,0.21052631578947367,0.7894736842105263
Michinori Tanaka,Kyung Ho Kang,0,0.008885391056537628,0.008885391056537628,0.6,0.6
Ricardo Ramos,Kyung Ho Kang,1,0.40463337302207947,0.5953666269779205,0.7333333333333333,0.2666666666666667
Dustin Ortiz,Alexandre Pantoja,1,0.4789395034313202,0.5210604965686798,0.5744680851063829,0.4255319148936171
